{"chunk_definitions":[{"row":15,"row_count":1,"visible":true,"expansion_state":0,"options":{"include":false,"engine":"r","label":"setup","results":"hide","message":false,"warning":false},"document_id":"6D143307","chunk_id":"csetup_chunk","chunk_label":"setup"},{"row":24,"row_count":1,"visible":true,"expansion_state":0,"options":{"engine":"r","label":"importdata","results":"hide"},"document_id":"6D143307","chunk_id":"c6fe3a5opdang","chunk_label":"unnamed-chunk-1"},{"row":42,"row_count":1,"visible":true,"expansion_state":0,"options":{"engine":"r","label":"unnamed-chunk-1"},"document_id":"6D143307","chunk_id":"cvz7shgcys4k5","chunk_label":"unnamed-chunk-3"},{"row":56,"row_count":1,"visible":true,"expansion_state":0,"options":{"engine":"r","label":"unnamed-chunk-2"},"document_id":"6D143307","chunk_id":"cqb4ipamgrl80","chunk_label":"unnamed-chunk-4"},{"row":90,"row_count":1,"visible":true,"expansion_state":0,"options":{"engine":"r","label":"unnamed-chunk-6"},"document_id":"6D143307","chunk_id":"c86zp3mjm3yld","chunk_label":"unnamed-chunk-7"}],"doc_write_time":1667539327,"working_dir":null,"default_chunk_options":{}}